{
  "hunger": 96.09247994422905,
  "happiness": 63.48746657371521,
  "cleanliness": 57.44333587646487,
  "energy": 28.029343585967993,
  "coins": 206,
  "is_sleeping": false,
  "state": "sad",
  "current_skin": "Toni",
  "owned_skins": {
    "Toni": true,
    "Alex": true
  }
}