{
  "hunger": 86.02807855606066,
  "happiness": 67.25039029121399,
  "cleanliness": 52.180662145614676,
  "energy": 12.223619480132985,
  "coins": 232,
  "is_sleeping": false,
  "state": "sad",
  "current_skin": "Toni",
  "owned_skins": {
    "Toni": true,
    "Alex": true
  }
}