{
  "hunger": 98.68451595306392,
  "happiness": 72.99881649017334,
  "cleanliness": 97.95845205783863,
  "energy": 82.52632114410399,
  "coins": 0,
  "is_sleeping": false,
  "state": "idle",
  "current_skin": "Toni",
  "owned_skins": {
    "Toni": true
  }
}